GEOID10,NAMELSAD10,Neighborhood,Population,Population Density,Housing Units,Pop per HU,Venue Count,Venue Density,Pop per Venue,Median Household Income,lon (4326),x,lat (4326),y,geometry (4326),Status
25025000401,Census Tract 4.01,Brighton,5672,34081.08,2965,1.91,6,36.05,945.33,72739,-71.14887088,322993.5196,42.34403243,4690211.271,POINT (-71.14887088438212 42.34403243146218),ok
25025000401,Census Tract 4.01,Brighton,5672,34081.08,2965,1.91,6,36.05,945.33,72739,-71.14710287,323145.9196,42.34644271,4690475.236,POINT (-71.14710287239375 42.34644270723027),ok
25025010802,Census Tract 108.02,Back Bay,3059,50961.13,2106,1.45,1,16.66,3059,131518,-71.08439353,328327.5196,42.35235464,4691003.165,POINT (-71.08439353483917 42.35235464121253),ok
25025050101,Census Tract 501.01,East Boston,5115,44192.88,1850,2.76,2,17.28,2557.5,51230,-71.03353427,332594.7196,42.3817941,4694170.739,POINT (-71.03353427045195 42.3817940966884),ok
25025051200,Census Tract 512,East Boston,2379,14951.74,1160,2.05,3,18.85,793,83952,-71.04224578,331832.7196,42.36499917,4692322.988,POINT (-71.04224578037312 42.36499917143268),problem
25025051200,Census Tract 512,East Boston,2379,14951.74,1160,2.05,3,18.85,793,83952,-71.04031925,331985.1196,42.36265634,4692059.023,POINT (-71.04031924833934 42.36265633654706),problem
25025051200,Census Tract 512,East Boston,2379,14951.74,1160,2.05,3,18.85,793,83952,-71.03662013,332289.9196,42.36272213,4692059.023,POINT (-71.03662012594991 42.3627221306367),problem
25025051200,Census Tract 512,East Boston,2379,14951.74,1160,2.05,3,18.85,793,83952,-71.03469387,332442.3196,42.36037919,4691795.059,POINT (-71.03469387229146 42.36037919431765),problem
25025081400,Census Tract 814,Roxbury,3003,12535.01,1462,2.05,4,16.7,750.75,55909,-71.09100269,327717.9196,42.32846275,4688363.52,POINT (-71.09100268824338 42.3284627512286),ok
25025081400,Census Tract 814,Roxbury,3003,12535.01,1462,2.05,4,16.7,750.75,55909,-71.08923284,327870.3196,42.33087218,4688627.484,POINT (-71.08923284141957 42.33087217931558),ok
25025081500,Census Tract 815,Roxbury,2134,16435.18,905,2.36,,,2134,36464,-71.09438433,327413.1196,42.31889239,4687307.661,POINT (-71.0943843305305 42.31889238729905),ok
25025081500,Census Tract 815,Roxbury,2134,16435.18,905,2.36,,,2134,36464,-71.0927724,327565.5196,42.3260533,4688099.555,POINT (-71.09277240247819 42.32605329783815),ok
25025081500,Census Tract 815,Roxbury,2134,16435.18,905,2.36,,,2134,36464,-71.09084527,327717.9196,42.32371131,4687835.59,POINT (-71.09084527436102 42.32371131263591),ok
25025081700,Census Tract 817,Roxbury,3820,15616.03,1599,2.39,5,20.44,764,32183,-71.08714855,328022.7196,42.32377869,4687835.59,POINT (-71.0871485519028 42.32377868703317),ok
25025081700,Census Tract 817,Roxbury,3820,15616.03,1599,2.39,5,20.44,764,32183,-71.08345182,328327.5196,42.32384594,4687835.59,POINT (-71.08345181679398 42.32384594234176),ok
25025081900,Census Tract 819,Roxbury,3115,18615.81,1397,2.23,,,3115,27745,-71.09245737,327565.5196,42.31655042,4687043.697,POINT (-71.09245737299521 42.31655042296155),ok
25025081900,Census Tract 819,Roxbury,3115,18615.81,1397,2.23,,,3115,27745,-71.08876107,327870.3196,42.31661784,4687043.697,POINT (-71.08876107347656 42.31661784016672),ok
25025082000,Census Tract 820,Roxbury,2815,18591.53,1278,2.2,1,6.6,2815,43077,-71.08313821,328327.5196,42.31434301,4686779.732,POINT (-71.08313821397125 42.31434300732676),ok
25025082000,Census Tract 820,Roxbury,2815,18591.53,1278,2.2,1,6.6,2815,43077,-71.07944202,328632.3196,42.31441012,4686779.732,POINT (-71.07944202169307 42.3144101213301),ok
25025082100,Census Tract 821,Roxbury,5025,35120.07,2117,2.37,4,27.96,1256.25,25125,-71.09037326,327717.9196,42.30945697,4686251.803,POINT (-71.09037326078369 42.30945697029688),ok
25025090100,Census Tract 901,Dorchester,4571,26485.56,1863,2.45,2,11.59,2285.5,34195,-71.08459417,328175.1196,42.30243073,4685459.91,POINT (-71.08459416785206 42.30243072593026),ok
25025090300,Census Tract 903,Dorchester,3179,21644.85,1268,2.51,1,6.81,3179,30975,-71.07751575,328784.7196,42.31206789,4686515.768,POINT (-71.07751575202528 42.31206788884361),ok
25025090300,Census Tract 903,Dorchester,3179,21644.85,1268,2.51,1,6.81,3179,30975,-71.07381968,329089.5196,42.31213482,4686515.768,POINT (-71.07381967968274 42.31213481873107),ok
25025090400,Census Tract 904,Roxbury,3659,22291.19,1294,2.83,3,18.28,1219.67,38750,-71.07574582,328937.1196,42.31447712,4686779.732,POINT (-71.07574581681605 42.31447711628186),ok
25025090400,Census Tract 904,Roxbury,3659,22291.19,1294,2.83,3,18.28,1219.67,38750,-71.07397575,329089.5196,42.31688632,4687043.697,POINT (-71.07397574906116 42.3168863183902),ok
25025091300,Census Tract 913,Dorchester,2499,24651.05,868,2.88,2,19.73,1249.5,41020,-71.06673856,329699.1196,42.32177136,4687571.626,POINT (-71.06673856296108 42.32177136046491),ok
25025091400,Census Tract 914,Dorchester,2741,21842.22,939,2.92,2,15.94,1370.5,45388,-71.0720496,329241.9196,42.31454399,4686779.732,POINT (-71.0720495993625 42.31454399218087),ok
25025091400,Census Tract 914,Dorchester,2741,21842.22,939,2.92,2,15.94,1370.5,45388,-71.07012359,329394.3196,42.31220163,4686515.768,POINT (-71.07012359477662 42.31220162957506),ok
25025091400,Census Tract 914,Dorchester,2741,21842.22,939,2.92,2,15.94,1370.5,45388,-71.07027939,329394.3196,42.31695314,4687043.697,POINT (-71.0702793864837 42.31695314029106),ok
25025091500,Census Tract 915,Dorchester,4370,28003.96,1653,2.64,,,4370,53651,-71.0664275,329699.1196,42.31226832,4686515.768,POINT (-71.06642749732926 42.31226832137448),ok
25025091900,Census Tract 919,Dorchester,3860,20742.04,1380,2.8,3,16.12,1286.67,54375,-71.07543348,328937.1196,42.30497412,4685723.874,POINT (-71.07543347583628 42.30497411919561),ok
25025091900,Census Tract 919,Dorchester,3860,20742.04,1380,2.8,3,16.12,1286.67,54375,-71.07350765,329089.5196,42.30263181,4685459.91,POINT (-71.07350765398749 42.30263180615599),ok
25025092000,Census Tract 920,Dorchester,4945,26151.77,1693,2.92,5,26.44,989,57214,-71.06965645,329394.3196,42.29794707,4684931.98,POINT (-71.0696564453557 42.29794707092371),ok
25025092000,Census Tract 920,Dorchester,4945,26151.77,1693,2.92,5,26.44,989,57214,-71.06596118,329699.1196,42.29801373,4684931.98,POINT (-71.06596118053135 42.2980137296214),ok
25025092300,Census Tract 923,Dorchester,2893,21846.66,1077,2.69,4,30.21,723.25,55469,-71.07689074,328784.7196,42.29306189,4684404.051,POINT (-71.07689074131083 42.29306189030875),ok
25025100100,Census Tract 1001,Dorchester,5510,13761.51,2047,2.69,3,7.49,1836.67,28659,-71.09343921,327413.1196,42.2903837,4684140.087,POINT (-71.09343920803556 42.29038370319707),ok
25025100100,Census Tract 1001,Dorchester,5510,13761.51,2047,2.69,3,7.49,1836.67,28659,-71.09167046,327565.5196,42.29279316,4684404.051,POINT (-71.09167046473327 42.2927931582927),ok
25025100100,Census Tract 1001,Dorchester,5510,13761.51,2047,2.69,3,7.49,1836.67,28659,-71.08974444,327717.9196,42.29045112,4684140.087,POINT (-71.08974444111017 42.29045111854365),ok
25025100100,Census Tract 1001,Dorchester,5510,13761.51,2047,2.69,3,7.49,1836.67,28659,-71.08781856,327870.3196,42.28810904,4683876.122,POINT (-71.08781856247057 42.28810904237729),ok
25025100100,Census Tract 1001,Dorchester,5510,13761.51,2047,2.69,3,7.49,1836.67,28659,-71.08604966,328022.7196,42.29051841,4684140.087,POINT (-71.08604966153685 42.2905184149404),ok
25025100100,Census Tract 1001,Dorchester,5510,13761.51,2047,2.69,3,7.49,1836.67,28659,-71.08412392,328175.1196,42.28817627,4683876.122,POINT (-71.0841239152346 42.28817627373525),ok
25025100100,Census Tract 1001,Dorchester,5510,13761.51,2047,2.69,3,7.49,1836.67,28659,-71.08428063,328175.1196,42.29292776,4684404.051,POINT (-71.08428062825465 42.29292776222345),problem
25025100100,Census Tract 1001,Dorchester,5510,13761.51,2047,2.69,3,7.49,1836.67,28659,-71.08235487,328327.5196,42.29058559,4684140.087,POINT (-71.08235486933786 42.29058559238619),ok
25025100100,Census Tract 1001,Dorchester,5510,13761.51,2047,2.69,3,7.49,1836.67,28659,-71.07866006,328632.3196,42.29065265,4684140.087,POINT (-71.0786600645355 42.29065265087987),ok
25025100200,Census Tract 1002,Dorchester,2787,20588.88,1013,2.75,,,2787,53269,-71.08589283,328022.7196,42.28576693,4683612.158,POINT (-71.08589282879221 42.28576692980147),ok
25025100200,Census Tract 1002,Dorchester,2787,20588.88,1013,2.75,,,2787,53269,-71.08219831,328327.5196,42.2858341,4683612.158,POINT (-71.08219831388418 42.28583409613062),ok
25025100400,Census Tract 1004,Dorchester,4865,20122.7,1830,2.66,5,20.68,973,68194,-71.07642238,328784.7196,42.27880734,4682820.264,POINT (-71.07642237932126 42.27880734499858),ok
25025100400,Census Tract 1004,Dorchester,4865,20122.7,1830,2.66,5,20.68,973,68194,-71.07272825,329089.5196,42.2788742,4682820.264,POINT (-71.07272824877987 42.27887419739631),ok
25025100400,Census Tract 1004,Dorchester,4865,20122.7,1830,2.66,5,20.68,973,68194,-71.06726472,329546.7196,42.28135003,4683084.229,POINT (-71.06726471975433 42.2813500271704),ok
25025100500,Census Tract 1005,Dorchester,5989,18058.98,2383,2.51,7,21.11,855.57,59913,-71.07480925,328937.1196,42.28596807,4683612.158,POINT (-71.07480924629094 42.28596807199044),ok
25025100500,Census Tract 1005,Dorchester,5989,18058.98,2383,2.51,7,21.11,855.57,59913,-71.06757557,329546.7196,42.29085311,4684140.087,POINT (-71.06757557473104 42.2908531126369),ok
25025100601,Census Tract 1006.01,Dorchester,5154,24157,2192,2.35,3,14.06,1718,76593,-71.05826103,330308.7196,42.28864356,4683876.122,POINT (-71.05826103267378 42.28864356280964),ok
25025100601,Census Tract 1006.01,Dorchester,5154,24157,2192,2.35,3,14.06,1718,76593,-71.05649097,330461.1196,42.2910525,4684140.087,POINT (-71.05649097229856 42.29105250378413),ok
25025100601,Census Tract 1006.01,Dorchester,5154,24157,2192,2.35,3,14.06,1718,76593,-71.05456629,330613.5196,42.28870984,4683876.122,POINT (-71.05456628515982 42.28870984260218),ok
25025100601,Census Tract 1006.01,Dorchester,5154,24157,2192,2.35,3,14.06,1718,76593,-71.05472078,330613.5196,42.29346142,4684404.051,POINT (-71.05472077947158 42.29346141940093),ok
25025100601,Census Tract 1006.01,Dorchester,5154,24157,2192,2.35,3,14.06,1718,76593,-71.05279608,330765.9196,42.29111873,4684140.087,POINT (-71.05279607989664 42.29111872958133),ok
25025100800,Census Tract 1008,Dorchester,5546,8134.68,2702,2.05,7,10.27,792.29,89500,-71.06326027,329851.5196,42.27191346,4682028.37,POINT (-71.06326026870437 42.27191346265341),ok
25025100800,Census Tract 1008,Dorchester,5546,8134.68,2702,2.05,7,10.27,792.29,89500,-71.06133595,330003.9196,42.2695709,4681764.406,POINT (-71.0613359459567 42.26957090058234),problem
25025100800,Census Tract 1008,Dorchester,5546,8134.68,2702,2.05,7,10.27,792.29,89500,-71.06149085,330003.9196,42.27432247,4682292.335,POINT (-71.06149084528151 42.27432247307253),ok
25025100800,Census Tract 1008,Dorchester,5546,8134.68,2702,2.05,7,10.27,792.29,89500,-71.06164578,330003.9196,42.27907404,4682820.264,POINT (-71.06164578201181 42.27907404115023),ok
25025100800,Census Tract 1008,Dorchester,5546,8134.68,2702,2.05,7,10.27,792.29,89500,-71.05956651,330156.3196,42.27197988,4682028.37,POINT (-71.05956651006709 42.27197988238463),problem
25025100800,Census Tract 1008,Dorchester,5546,8134.68,2702,2.05,7,10.27,792.29,89500,-71.05972129,330156.3196,42.27673146,4682556.3,POINT (-71.05972128953707 42.27673145816302),problem
25025100800,Census Tract 1008,Dorchester,5546,8134.68,2702,2.05,7,10.27,792.29,89500,-71.05987611,330156.3196,42.28148303,4683084.229,POINT (-71.05987610638437 42.28148302952967),ok
25025100800,Census Tract 1008,Dorchester,5546,8134.68,2702,2.05,7,10.27,792.29,89500,-71.06003096,330156.3196,42.2862346,4683612.158,POINT (-71.06003096061954 42.28623459648438),ok
25025100800,Census Tract 1008,Dorchester,5546,8134.68,2702,2.05,7,10.27,792.29,89500,-71.05779694,330308.7196,42.27438884,4682292.335,POINT (-71.05779694186529 42.27438883885553),problem
25025100800,Census Tract 1008,Dorchester,5546,8134.68,2702,2.05,7,10.27,792.29,89500,-71.0579516,330308.7196,42.27914042,4682820.264,POINT (-71.05795160144875 42.279140417918),problem
25025100800,Census Tract 1008,Dorchester,5546,8134.68,2702,2.05,7,10.27,792.29,89500,-71.05587274,330461.1196,42.27204618,4682028.37,POINT (-71.05587273897422 42.2720461832356),problem
25025100800,Census Tract 1008,Dorchester,5546,8134.68,2702,2.05,7,10.27,792.29,89500,-71.05602724,330461.1196,42.27679777,4682556.3,POINT (-71.05602724132901 42.2767977699881),problem
25025100800,Census Tract 1008,Dorchester,5546,8134.68,2702,2.05,7,10.27,792.29,89500,-71.05633636,330461.1196,42.28630093,4683612.158,POINT (-71.05633635798065 42.28630093026258),ok
25025101001,Census Tract 1010.01,Mattapan,5480,10949.1,2266,2.42,3,5.99,1826.67,64185,-71.10774277,326193.9196,42.27585858,4682556.3,POINT (-71.10774277435654 42.2758585849562),ok
25025101001,Census Tract 1010.01,Mattapan,5480,10949.1,2266,2.42,3,5.99,1826.67,64185,-71.10581671,326346.3196,42.27351681,4682292.335,POINT (-71.10581670736565 42.27351681061689),ok
25025101001,Census Tract 1010.01,Mattapan,5480,10949.1,2266,2.42,3,5.99,1826.67,64185,-71.10389079,326498.7196,42.271175,4682028.37,POINT (-71.10389078527713 42.27117499983576),ok
25025101001,Census Tract 1010.01,Mattapan,5480,10949.1,2266,2.42,3,5.99,1826.67,64185,-71.10404889,326498.7196,42.27592644,4682556.3,POINT (-71.10404888985391 42.27592644239179),ok
25025101001,Census Tract 1010.01,Mattapan,5480,10949.1,2266,2.42,3,5.99,1826.67,64185,-71.10196501,326651.1196,42.26883315,4681764.406,POINT (-71.10196500806873 42.26883315262066),ok
25025101001,Census Tract 1010.01,Mattapan,5480,10949.1,2266,2.42,3,5.99,1826.67,64185,-71.10212296,326651.1196,42.2735846,4682292.335,POINT (-71.10212295504087 42.27358460299941),ok
25025101001,Census Tract 1010.01,Mattapan,5480,10949.1,2266,2.42,3,5.99,1826.67,64185,-71.10019717,326803.5196,42.27124273,4682028.37,POINT (-71.10019716512086 42.27124272717514),ok
25025101001,Census Tract 1010.01,Mattapan,5480,10949.1,2266,2.42,3,5.99,1826.67,64185,-71.10035499,326803.5196,42.27599418,4682556.3,POINT (-71.10035499262496 42.27599418094113),ok
25025101001,Census Tract 1010.01,Mattapan,5480,10949.1,2266,2.42,3,5.99,1826.67,64185,-71.09842919,326955.9196,42.27365228,4682292.335,POINT (-71.09842919000269 42.27365227650491),ok
25025101001,Census Tract 1010.01,Mattapan,5480,10949.1,2266,2.42,3,5.99,1826.67,64185,-71.0985869,326955.9196,42.27840373,4682820.264,POINT (-71.09858689800716 42.27840373365402),ok
25025101002,Census Tract 1010.02,Mattapan,4979,11067.13,2149,2.32,7,15.56,711.29,49947,-71.08911623,327717.9196,42.2714452,4682028.37,POINT (-71.08911622853817 42.27144519598214),ok
25025101002,Census Tract 1010.02,Mattapan,4979,11067.13,2149,2.32,7,15.56,711.29,49947,-71.08927322,327717.9196,42.27619668,4682556.3,POINT (-71.0892732248028 42.27619668326006),ok
25025101002,Census Tract 1010.02,Mattapan,4979,11067.13,2149,2.32,7,15.56,711.29,49947,-71.08734782,327870.3196,42.27385458,4682292.335,POINT (-71.08734781883032 42.27385458374786),ok
25025101002,Census Tract 1010.02,Mattapan,4979,11067.13,2149,2.32,7,15.56,711.29,49947,-71.0875047,327870.3196,42.27860607,4682820.264,POINT (-71.0875046954898 42.27860607438191),ok
25025101002,Census Tract 1010.02,Mattapan,4979,11067.13,2149,2.32,7,15.56,711.29,49947,-71.08542256,328022.7196,42.27151245,4682028.37,POINT (-71.0854225577135 42.27151244784359),ok
25025101002,Census Tract 1010.02,Mattapan,4979,11067.13,2149,2.32,7,15.56,711.29,49947,-71.08557928,328022.7196,42.27626395,4682556.3,POINT (-71.0855792768912 42.27626394625286),ok
25025101002,Census Tract 1010.02,Mattapan,4979,11067.13,2149,2.32,7,15.56,711.29,49947,-71.083654,328175.1196,42.27392178,4682292.335,POINT (-71.08365400316116 42.27392178173384),ok
25025101002,Census Tract 1010.02,Mattapan,4979,11067.13,2149,2.32,7,15.56,711.29,49947,-71.08172887,328327.5196,42.27157958,4682028.37,POINT (-71.0817288742774 42.27157958083271),ok
25025101002,Census Tract 1010.02,Mattapan,4979,11067.13,2149,2.32,7,15.56,711.29,49947,-71.08188532,328327.5196,42.27633109,4682556.3,POINT (-71.08188531636459 42.27633109035366),ok
25025101002,Census Tract 1010.02,Mattapan,4979,11067.13,2149,2.32,7,15.56,711.29,49947,-71.07996017,328479.9196,42.27398886,4682292.335,POINT (-71.07996017488989 42.27398886083709),ok
25025101002,Census Tract 1010.02,Mattapan,4979,11067.13,2149,2.32,7,15.56,711.29,49947,-71.07819134,328632.3196,42.27639812,4682556.3,POINT (-71.07819134324527 42.27639811556134),ok
25025101101,Census Tract 1011.01,Mattapan,3155,21516.85,1160,2.72,2,13.64,1577.5,50625,-71.09681867,327108.3196,42.28081326,4683084.229,POINT (-71.0968186711652 42.28081326113113),ok
25025110401,Census Tract 1104.01,Roslindale,3566,17678.12,1362,2.62,1,4.96,3566,64494,-71.12283728,324974.7196,42.28508873,4683612.158,POINT (-71.12283727998076 42.28508872547738),ok
25025110401,Census Tract 1104.01,Roslindale,3566,17678.12,1362,2.62,1,4.96,3566,64494,-71.12091037,325127.1196,42.28274723,4683348.193,POINT (-71.1209103687661 42.28274722719774),ok
25025110401,Census Tract 1104.01,Roslindale,3566,17678.12,1362,2.62,1,4.96,3566,64494,-71.12106982,325127.1196,42.28749861,4683876.122,POINT (-71.12106981634469 42.28749860796779),ok
25025110403,Census Tract 1104.03,Roslindale,4309,11836.49,1767,2.44,1,2.75,4309,100833,-71.13183282,324212.7196,42.27779029,4682820.264,POINT (-71.13183281763969 42.27779029111278),ok
25025110403,Census Tract 1104.03,Roslindale,4309,11836.49,1767,2.44,1,2.75,4309,100833,-71.12990581,324365.1196,42.27544894,4682556.3,POINT (-71.12990581287265 42.27544894379563),ok
25025110403,Census Tract 1104.03,Roslindale,4309,11836.49,1767,2.44,1,2.75,4309,100833,-71.1300659,324365.1196,42.2802003,4683084.229,POINT (-71.13006589550402 42.28020030288856),ok
25025110403,Census Tract 1104.03,Roslindale,4309,11836.49,1767,2.44,1,2.75,4309,100833,-71.12813888,324517.5196,42.27785893,4682820.264,POINT (-71.12813887785299 42.27785892696025),ok
25025110403,Census Tract 1104.03,Roslindale,4309,11836.49,1767,2.44,1,2.75,4309,100833,-71.12621201,324669.9196,42.27551751,4682556.3,POINT (-71.12621200519553 42.27551751452457),ok
25025110403,Census Tract 1104.03,Roslindale,4309,11836.49,1767,2.44,1,2.75,4309,100833,-71.12637181,324669.9196,42.28026888,4683084.229,POINT (-71.12637181071264 42.28026888496669),ok
25025110403,Census Tract 1104.03,Roslindale,4309,11836.49,1767,2.44,1,2.75,4309,100833,-71.12428528,324822.3196,42.27317607,4682292.335,POINT (-71.12428527750934 42.2731760655894),ok
25025110403,Census Tract 1104.03,Roslindale,4309,11836.49,1767,2.44,1,2.75,4309,100833,-71.12460461,324822.3196,42.28267882,4683348.193,POINT (-71.12460461142932 42.28267881780803),ok
25025110501,Census Tract 1105.01,Roslindale,3253,13004.95,1371,2.37,1,4,3253,94615,-71.14307563,323298.3196,42.28233499,4683348.193,POINT (-71.14307563148689 42.28233498724199),ok
25025110501,Census Tract 1105.01,Roslindale,3253,13004.95,1371,2.37,1,4,3253,94615,-71.14114807,323450.7196,42.27999384,4683084.229,POINT (-71.14114807247429 42.27999384327194),ok
25025110501,Census Tract 1105.01,Roslindale,3253,13004.95,1371,2.37,1,4,3253,94615,-71.14130903,323450.7196,42.28474516,4683612.158,POINT (-71.14130902528441 42.2847451637509),ok
25025110501,Census Tract 1105.01,Roslindale,3253,13004.95,1371,2.37,1,4,3253,94615,-71.13938145,323603.1196,42.28240399,4683348.193,POINT (-71.13938145331741 42.28240399116699),ok
25025110601,Census Tract 1106.01,West Roxbury,2969,5466.92,1295,2.29,2,3.68,1484.5,107012,-71.14902076,322841.1196,42.29410949,4684668.016,POINT (-71.14902076416509 42.29410948849827),ok
25025110601,Census Tract 1106.01,West Roxbury,2969,5466.92,1295,2.29,2,3.68,1484.5,107012,-71.14709261,322993.5196,42.29176846,4684404.051,POINT (-71.14709261174848 42.29176846216544),problem
25025110601,Census Tract 1106.01,West Roxbury,2969,5466.92,1295,2.29,2,3.68,1484.5,107012,-71.14725408,322993.5196,42.29651975,4684931.98,POINT (-71.14725407774995 42.29651975436407),problem
25025110601,Census Tract 1106.01,West Roxbury,2969,5466.92,1295,2.29,2,3.68,1484.5,107012,-71.1451646,323145.9196,42.2894274,4684140.087,POINT (-71.14516460447767 42.28942739925801),ok
25025110601,Census Tract 1106.01,West Roxbury,2969,5466.92,1295,2.29,2,3.68,1484.5,107012,-71.14532591,323145.9196,42.2941787,4684668.016,POINT (-71.14532591233636 42.2941786994063),problem
25025110601,Census Tract 1106.01,West Roxbury,2969,5466.92,1295,2.29,2,3.68,1484.5,107012,-71.14339789,323298.3196,42.29183761,4684404.051,POINT (-71.14339789208157 42.291837607876),ok
25025110601,Census Tract 1106.01,West Roxbury,2969,5466.92,1295,2.29,2,3.68,1484.5,107012,-71.14355908,323298.3196,42.29658891,4684931.98,POINT (-71.1435590807513 42.29658891151819),problem
25025110601,Census Tract 1106.01,West Roxbury,2969,5466.92,1295,2.29,2,3.68,1484.5,107012,-71.14163105,323450.7196,42.29424779,4684668.016,POINT (-71.14163104752181 42.29424779136222),ok
25025110601,Census Tract 1106.01,West Roxbury,2969,5466.92,1295,2.29,2,3.68,1484.5,107012,-71.14179212,323450.7196,42.2989991,4685195.945,POINT (-71.14179211697099 42.29899909849416),ok
25025110601,Census Tract 1106.01,West Roxbury,2969,5466.92,1295,2.29,2,3.68,1484.5,107012,-71.13970316,323603.1196,42.29190663,4684404.051,POINT (-71.13970315944181 42.29190663464369),ok
25025110601,Census Tract 1106.01,West Roxbury,2969,5466.92,1295,2.29,2,3.68,1484.5,107012,-71.13986407,323603.1196,42.29665795,4684931.98,POINT (-71.13986407077613 42.29665794970977),problem
25025110601,Census Tract 1106.01,West Roxbury,2969,5466.92,1295,2.29,2,3.68,1484.5,107012,-71.14002502,323603.1196,42.30140926,4685459.91,POINT (-71.14002502097316 42.30140926032738),problem
25025110601,Census Tract 1106.01,West Roxbury,2969,5466.92,1295,2.29,2,3.68,1484.5,107012,-71.13809696,323755.5196,42.29906808,4685195.945,POINT (-71.13809696182223 42.29906808291174),problem
25025110601,Census Tract 1106.01,West Roxbury,2969,5466.92,1295,2.29,2,3.68,1484.5,107012,-71.13440179,324060.3196,42.29913695,4685195.945,POINT (-71.13440179372857 42.29913694835517),problem
25025120104,Census Tract 1201.04,Jamaica Plain,2095,18691.35,1060,1.98,1,8.92,2095,100977,-71.11978044,325279.5196,42.30416259,4685723.874,POINT (-71.11978043602166 42.30416259125167),ok
25025120104,Census Tract 1201.04,Jamaica Plain,2095,18691.35,1060,1.98,1,8.92,2095,100977,-71.11993992,325279.5196,42.30891396,4686251.803,POINT (-71.11993991820383 42.30891395769938),ok
25025120105,Census Tract 1201.05,Jamaica Plain,2444,3443.94,953,2.56,2,2.82,1222,161473,-71.13825779,323755.5196,42.3038194,4685723.874,POINT (-71.13825779273547 42.30381939701088),ok
25025120105,Census Tract 1201.05,Jamaica Plain,2444,3443.94,953,2.56,2,2.82,1222,161473,-71.13632972,323907.9196,42.30147819,4685459.91,POINT (-71.13632972063783 42.30147819096121),ok
25025120105,Census Tract 1201.05,Jamaica Plain,2444,3443.94,953,2.56,2,2.82,1222,161473,-71.13456235,324060.3196,42.30388827,4685723.874,POINT (-71.13456234720063 42.30388827385126),problem
25025120105,Census Tract 1201.05,Jamaica Plain,2444,3443.94,953,2.56,2,2.82,1222,161473,-71.13472294,324060.3196,42.30863959,4686251.803,POINT (-71.13472293945148 42.30863959490111),ok
25025120105,Census Tract 1201.05,Jamaica Plain,2444,3443.94,953,2.56,2,2.82,1222,161473,-71.13263441,324212.7196,42.301547,4685459.91,POINT (-71.13263440736694 42.30154700261048),ok
25025120105,Census Tract 1201.05,Jamaica Plain,2444,3443.94,953,2.56,2,2.82,1222,161473,-71.13279484,324212.7196,42.30629833,4685987.839,POINT (-71.13279484148835 42.30629833157499),problem
25025120105,Census Tract 1201.05,Jamaica Plain,2444,3443.94,953,2.56,2,2.82,1222,161473,-71.13295531,324212.7196,42.31104966,4686515.768,POINT (-71.13295531436054 42.311049656094),ok
25025120105,Census Tract 1201.05,Jamaica Plain,2444,3443.94,953,2.56,2,2.82,1222,161473,-71.13086689,324365.1196,42.30395703,4685723.874,POINT (-71.13086688873952 42.3039570316967),ok
25025120105,Census Tract 1201.05,Jamaica Plain,2444,3443.94,953,2.56,2,2.82,1222,161473,-71.1310272,324365.1196,42.30870836,4686251.803,POINT (-71.13102720347865 42.30870836412551),problem
25025120105,Census Tract 1201.05,Jamaica Plain,2444,3443.94,953,2.56,2,2.82,1222,161473,-71.13118756,324365.1196,42.31345969,4686779.732,POINT (-71.13118755694056 42.31345969210957),ok
25025120105,Census Tract 1201.05,Jamaica Plain,2444,3443.94,953,2.56,2,2.82,1222,161473,-71.12925943,324517.5196,42.31111837,4686515.768,POINT (-71.12925943314927 42.31111837149587),ok
25025120105,Census Tract 1201.05,Jamaica Plain,2444,3443.94,953,2.56,2,2.82,1222,161473,-71.12941967,324517.5196,42.3158697,4687043.697,POINT (-71.12941966716926 42.31586970294084),problem
25025120105,Census Tract 1201.05,Jamaica Plain,2444,3443.94,953,2.56,2,2.82,1222,161473,-71.12733145,324669.9196,42.30877701,4686251.803,POINT (-71.12733145459823 42.30877701433414),ok
25025120105,Census Tract 1201.05,Jamaica Plain,2444,3443.94,953,2.56,2,2.82,1222,161473,-71.12749153,324669.9196,42.31352835,4686779.732,POINT (-71.12749153047788 42.31352835367917),ok
25025120105,Census Tract 1201.05,Jamaica Plain,2444,3443.94,953,2.56,2,2.82,1222,161473,-71.12556354,324822.3196,42.31118697,4686515.768,POINT (-71.12556353903973 42.31118696787154),ok
25025120105,Census Tract 1201.05,Jamaica Plain,2444,3443.94,953,2.56,2,2.82,1222,161473,-71.1257235,324822.3196,42.31593831,4687043.697,POINT (-71.12572349544216 42.31593831066851),problem
25025120105,Census Tract 1201.05,Jamaica Plain,2444,3443.94,953,2.56,2,2.82,1222,161473,-71.12363569,324974.7196,42.30884555,4686251.803,POINT (-71.12363569283252 42.30884554552581),ok
25025120105,Census Tract 1201.05,Jamaica Plain,2444,3443.94,953,2.56,2,2.82,1222,161473,-71.12379549,324974.7196,42.3135969,4686779.732,POINT (-71.12379549112626 42.31359689621218),ok
25025120105,Census Tract 1201.05,Jamaica Plain,2444,3443.94,953,2.56,2,2.82,1222,161473,-71.12218703,325127.1196,42.32075815,4687571.626,POINT (-71.12218702818856 42.32075814903754),ok
25025120700,Census Tract 1207,Jamaica Plain,2014,17534.45,1044,1.93,2,17.41,1007,96711,-71.11125649,326041.5196,42.32571431,4688099.555,POINT (-71.11125648687681 42.32571431380591),ok
25025120700,Census Tract 1207,Jamaica Plain,2014,17534.45,1044,1.93,2,17.41,1007,96711,-71.1075597,326346.3196,42.32578235,4688099.555,POINT (-71.10755969550283 42.32578234879904),ok
25025130100,Census Tract 1301,West Roxbury,5906,3520.97,2816,2.1,3,1.79,1968.67,112468,-71.18933404,319488.3196,42.28383799,4683612.158,POINT (-71.18933404024487 42.2838379906959),problem
25025130100,Census Tract 1301,West Roxbury,5906,3520.97,2816,2.1,3,1.79,1968.67,112468,-71.18740475,319640.7196,42.28149767,4683348.193,POINT (-71.18740475183883 42.28149766600178),problem
25025130100,Census Tract 1301,West Roxbury,5906,3520.97,2816,2.1,3,1.79,1968.67,112468,-71.18756919,319640.7196,42.28624884,4683876.122,POINT (-71.18756918881645 42.28624883996471),problem
25025130100,Census Tract 1301,West Roxbury,5906,3520.97,2816,2.1,3,1.79,1968.67,112468,-71.18563989,319793.1196,42.28390849,4683612.158,POINT (-71.18563988717581 42.28390848666336),problem
25025130100,Census Tract 1301,West Roxbury,5906,3520.97,2816,2.1,3,1.79,1968.67,112468,-71.18371073,319945.5196,42.2815681,4683348.193,POINT (-71.18371073072565 42.28156809669156),problem
25025130100,Census Tract 1301,West Roxbury,5906,3520.97,2816,2.1,3,1.79,1968.67,112468,-71.18387489,319945.5196,42.28631928,4683876.122,POINT (-71.18387489054578 42.28631928231083),problem
25025130100,Census Tract 1301,West Roxbury,5906,3520.97,2816,2.1,3,1.79,1968.67,112468,-71.18194572,320097.9196,42.28397886,4683612.158,POINT (-71.18194572088328 42.28397886373106),problem
25025130100,Census Tract 1301,West Roxbury,5906,3520.97,2816,2.1,3,1.79,1968.67,112468,-71.18210976,320097.9196,42.28873005,4684140.087,POINT (-71.18210976192648 42.28873005293728),problem
25025130100,Census Tract 1301,West Roxbury,5906,3520.97,2816,2.1,3,1.79,1968.67,112468,-71.1800167,320250.3196,42.28163841,4683348.193,POINT (-71.18001669640198 42.28163840849081),problem
25025130100,Census Tract 1301,West Roxbury,5906,3520.97,2816,2.1,3,1.79,1968.67,112468,-71.18018058,320250.3196,42.28638961,4683876.122,POINT (-71.1801805790609 42.28638960574675),problem
25025130100,Census Tract 1301,West Roxbury,5906,3520.97,2816,2.1,3,1.79,1968.67,112468,-71.1803445,320250.3196,42.2911408,4684404.051,POINT (-71.18034450129565 42.29114079853581),problem
25025130100,Census Tract 1301,West Roxbury,5906,3520.97,2816,2.1,3,1.79,1968.67,112468,-71.17825154,320402.7196,42.28404912,4683612.158,POINT (-71.17825154138951 42.28404912189779),problem
25025130100,Census Tract 1301,West Roxbury,5906,3520.97,2816,2.1,3,1.79,1968.67,112468,-71.17841531,320402.7196,42.28880032,4684140.087,POINT (-71.17841530523626 42.28880032273174),problem
25025130100,Census Tract 1301,West Roxbury,5906,3520.97,2816,2.1,3,1.79,1968.67,112468,-71.17857911,320402.7196,42.29355152,4684668.016,POINT (-71.17857910863097 42.29355151909956),problem
25025130100,Census Tract 1301,West Roxbury,5906,3520.97,2816,2.1,3,1.79,1968.67,112468,-71.17632265,320555.1196,42.2817086,4683348.193,POINT (-71.17632264889008 42.28170860139831),problem
25025130100,Census Tract 1301,West Roxbury,5906,3520.97,2816,2.1,3,1.79,1968.67,112468,-71.17648625,320555.1196,42.28645981,4683876.122,POINT (-71.17648625438409 42.28645981027128),problem
25025130100,Census Tract 1301,West Roxbury,5906,3520.97,2816,2.1,3,1.79,1968.67,112468,-71.1766499,320555.1196,42.29121101,4684404.051,POINT (-71.17664989938709 42.2912110146791),ok
25025130100,Census Tract 1301,West Roxbury,5906,3520.97,2816,2.1,3,1.79,1968.67,112468,-71.17455735,320707.5196,42.28411926,4683612.158,POINT (-71.17455734871683 42.28411926116237),problem
25025130100,Census Tract 1301,West Roxbury,5906,3520.97,2816,2.1,3,1.79,1968.67,112468,-71.17472084,320707.5196,42.28887047,4684140.087,POINT (-71.17472083536339 42.28887047360437),problem
25025130100,Census Tract 1301,West Roxbury,5906,3520.97,2816,2.1,3,1.79,1968.67,112468,-71.17488436,320707.5196,42.29362168,4684668.016,POINT (-71.17488436149108 42.29362168158198),problem
25025130100,Census Tract 1301,West Roxbury,5906,3520.97,2816,2.1,3,1.79,1968.67,112468,-71.17262859,320859.9196,42.28177868,4683348.193,POINT (-71.17262858821222 42.28177867541289),problem
25025130100,Census Tract 1301,West Roxbury,5906,3520.97,2816,2.1,3,1.79,1968.67,112468,-71.17279192,320859.9196,42.2865299,4683876.122,POINT (-71.17279191653761 42.28652989588323),problem
25025130100,Census Tract 1301,West Roxbury,5906,3520.97,2816,2.1,3,1.79,1968.67,112468,-71.17295528,320859.9196,42.29128111,4684404.051,POINT (-71.17295528430515 42.29128111189017),problem
25025130100,Census Tract 1301,West Roxbury,5906,3520.97,2816,2.1,3,1.79,1968.67,112468,-71.17311869,320859.9196,42.29603232,4684931.98,POINT (-71.173118691526 42.29603232343346),problem
25025130100,Census Tract 1301,West Roxbury,5906,3520.97,2816,2.1,3,1.79,1968.67,112468,-71.17086314,321012.3196,42.28418928,4683612.158,POINT (-71.17086314288746 42.28418928152362),ok
25025130100,Census Tract 1301,West Roxbury,5906,3520.97,2816,2.1,3,1.79,1968.67,112468,-71.17102635,321012.3196,42.28894051,4684140.087,POINT (-71.17102635233012 42.28894050555402),ok
25025130100,Census Tract 1301,West Roxbury,5906,3520.97,2816,2.1,3,1.79,1968.67,112468,-71.1711896,321012.3196,42.29369173,4684668.016,POINT (-71.17118960118711 42.29369172512177),problem
25025130100,Census Tract 1301,West Roxbury,5906,3520.97,2816,2.1,3,1.79,1968.67,112468,-71.17135289,321012.3196,42.29844294,4685195.945,POINT (-71.17135288946952 42.29844294022662),problem
25025130100,Census Tract 1301,West Roxbury,5906,3520.97,2816,2.1,3,1.79,1968.67,112468,-71.16893451,321164.7196,42.28184863,4683348.193,POINT (-71.16893451439068 42.28184863053336),ok
25025130100,Census Tract 1301,West Roxbury,5906,3520.97,2816,2.1,3,1.79,1968.67,112468,-71.16909757,321164.7196,42.28659986,4683876.122,POINT (-71.16909756554372 42.28659986258143),ok
25025130100,Census Tract 1301,West Roxbury,5906,3520.97,2816,2.1,3,1.79,1968.67,112468,-71.16926066,321164.7196,42.29135109,4684404.051,POINT (-71.16926065607213 42.2913510901678),problem
25025130100,Census Tract 1301,West Roxbury,5906,3520.97,2816,2.1,3,1.79,1968.67,112468,-71.16942379,321164.7196,42.29610231,4684931.98,POINT (-71.16942378598698 42.29610231329226),problem
25025130100,Census Tract 1301,West Roxbury,5906,3520.97,2816,2.1,3,1.79,1968.67,112468,-71.16700603,321317.1196,42.27950794,4683084.229,POINT (-71.16700603102504 42.27950794292039),problem
25025130100,Census Tract 1301,West Roxbury,5906,3520.97,2816,2.1,3,1.79,1968.67,112468,-71.16716892,321317.1196,42.28425918,4683612.158,POINT (-71.16716892392368 42.28425918298031),ok
25025130100,Census Tract 1301,West Roxbury,5906,3520.97,2816,2.1,3,1.79,1968.67,112468,-71.16733186,321317.1196,42.28901042,4684140.087,POINT (-71.16733185615875 42.28901041857947),ok
25025130100,Census Tract 1301,West Roxbury,5906,3520.97,2816,2.1,3,1.79,1968.67,112468,-71.16749483,321317.1196,42.29376165,4684668.016,POINT (-71.16749482774132 42.29376164971769),ok
25025130100,Census Tract 1301,West Roxbury,5906,3520.97,2816,2.1,3,1.79,1968.67,112468,-71.16765784,321317.1196,42.29851288,4685195.945,POINT (-71.16765783868247 42.29851287639476),problem
25025130100,Census Tract 1301,West Roxbury,5906,3520.97,2816,2.1,3,1.79,1968.67,112468,-71.16524043,321469.5196,42.28191847,4683348.193,POINT (-71.16524042744773 42.28191846675852),ok
25025130100,Census Tract 1301,West Roxbury,5906,3520.97,2816,2.1,3,1.79,1968.67,112468,-71.16556601,321469.5196,42.29142095,4684404.051,POINT (-71.16556601471027 42.29142094951083),ok
25025130100,Census Tract 1301,West Roxbury,5906,3520.97,2816,2.1,3,1.79,1968.67,112468,-71.16572887,321469.5196,42.29617218,4684931.98,POINT (-71.16572886731545 42.2961721841968),problem
25025130100,Census Tract 1301,West Roxbury,5906,3520.97,2816,2.1,3,1.79,1968.67,112468,-71.16589176,321469.5196,42.30092341,4685459.91,POINT (-71.16589175925131 42.30092341442235),problem
25025130100,Census Tract 1301,West Roxbury,5906,3520.97,2816,2.1,3,1.79,1968.67,112468,-71.16363735,321621.9196,42.28908021,4684140.087,POINT (-71.16363734687154 42.28908021267956),ok
25025130100,Census Tract 1301,West Roxbury,5906,3520.97,2816,2.1,3,1.79,1968.67,112468,-71.16380004,321621.9196,42.29383146,4684668.016,POINT (-71.163800041176 42.2938314553686),ok
25025130100,Census Tract 1301,West Roxbury,5906,3520.97,2816,2.1,3,1.79,1968.67,112468,-71.16396277,321621.9196,42.29858269,4685195.945,POINT (-71.1639627747722 42.2985826935982),problem
25025130100,Census Tract 1301,West Roxbury,5906,3520.97,2816,2.1,3,1.79,1968.67,112468,-71.16412555,321621.9196,42.30333393,4685723.874,POINT (-71.16412554767122 42.30333392736814),ok
25025130100,Census Tract 1301,West Roxbury,5906,3520.97,2816,2.1,3,1.79,1968.67,112468,-71.16187136,321774.3196,42.29149069,4684404.051,POINT (-71.16187136024188 42.29149068991808),ok
25025130100,Census Tract 1301,West Roxbury,5906,3520.97,2816,2.1,3,1.79,1968.67,112468,-71.16203394,321774.3196,42.29624194,4684931.98,POINT (-71.16203393553367 42.29624193614588),problem
25025130100,Census Tract 1301,West Roxbury,5906,3520.97,2816,2.1,3,1.79,1968.67,112468,-71.16219655,321774.3196,42.30099318,4685459.91,POINT (-71.16219655008932 42.300993177915),problem
25025130100,Census Tract 1301,West Roxbury,5906,3520.97,2816,2.1,3,1.79,1968.67,112468,-71.16010524,321926.7196,42.29390114,4684668.016,POINT (-71.16010524151345 42.2939011420733),ok
25025130100,Census Tract 1301,West Roxbury,5906,3520.97,2816,2.1,3,1.79,1968.67,112468,-71.1602677,321926.7196,42.29865239,4685195.945,POINT (-71.16026769776099 42.29865239183578),problem
25025130100,Census Tract 1301,West Roxbury,5906,3520.97,2816,2.1,3,1.79,1968.67,112468,-71.1527156,322536.3196,42.29404016,4684668.016,POINT (-71.15271560298569 42.29404015863931),ok
25025130300,Census Tract 1303,West Roxbury,4419,7936.01,1811,2.44,5,8.98,883.8,123241,-71.15399618,322383.9196,42.27737598,4682820.264,POINT (-71.15399618478322 42.2773759794333),ok
25025130300,Census Tract 1303,West Roxbury,4419,7936.01,1811,2.44,5,8.98,883.8,123241,-71.15206839,322536.3196,42.27503502,4682556.3,POINT (-71.15206838763075 42.27503502302131),ok
25025130300,Census Tract 1303,West Roxbury,4419,7936.01,1811,2.44,5,8.98,883.8,123241,-71.15223013,322536.3196,42.27978631,4683084.229,POINT (-71.15223013287121 42.27978631360653),ok
25025130300,Census Tract 1303,West Roxbury,4419,7936.01,1811,2.44,5,8.98,883.8,123241,-71.15014074,322688.7196,42.27269403,4682292.335,POINT (-71.15014073551471 42.27269403004014),ok
25025130300,Census Tract 1303,West Roxbury,4419,7936.01,1811,2.44,5,8.98,883.8,123241,-71.15030232,322688.7196,42.27744533,4682820.264,POINT (-71.15030232270117 42.27744532858767),ok
25025130300,Census Tract 1303,West Roxbury,4419,7936.01,1811,2.44,5,8.98,883.8,123241,-71.15046395,322688.7196,42.28219662,4683348.193,POINT (-71.15046394890692 42.28219662268251),ok
25025130300,Census Tract 1303,West Roxbury,4419,7936.01,1811,2.44,5,8.98,883.8,123241,-71.14837466,322841.1196,42.27510431,4682556.3,POINT (-71.14837465758055 42.27510430700173),ok
25025130300,Census Tract 1303,West Roxbury,4419,7936.01,1811,2.44,5,8.98,883.8,123241,-71.14853613,322841.1196,42.27985561,4683084.229,POINT (-71.14853612572861 42.27985560905402),ok
25025130300,Census Tract 1303,West Roxbury,4419,7936.01,1811,2.44,5,8.98,883.8,123241,-71.14644714,322993.5196,42.27276325,4682292.335,POINT (-71.14644713748706 42.27276324885656),ok
25025130300,Census Tract 1303,West Roxbury,4419,7936.01,1811,2.44,5,8.98,883.8,123241,-71.14660845,322993.5196,42.27751456,4682820.264,POINT (-71.14660844761268 42.2775145588605),ok
25025130300,Census Tract 1303,West Roxbury,4419,7936.01,1811,2.44,5,8.98,883.8,123241,-71.1467698,322993.5196,42.28226586,4683348.193,POINT (-71.14676979669082 42.28226586441344),ok
25025130300,Census Tract 1303,West Roxbury,4419,7936.01,1811,2.44,5,8.98,883.8,123241,-71.14484211,323145.9196,42.27992479,4683084.229,POINT (-71.14484210558888 42.27992478560955),ok
25025130300,Census Tract 1303,West Roxbury,4419,7936.01,1811,2.44,5,8.98,883.8,123241,-71.14291456,323298.3196,42.27758367,4682820.264,POINT (-71.14291455954002 42.27758367025059),ok
25025130406,Census Tract 1304.06,West Roxbury,5107,12611.86,2192,2.33,5,12.35,1021.4,53265,-71.15351071,322383.9196,42.2631221,4681236.477,POINT (-71.15351070926656 42.26312210485649),ok
25025130406,Census Tract 1304.06,West Roxbury,5107,12611.86,2192,2.33,5,12.35,1021.4,53265,-71.15158339,322536.3196,42.26078112,4680972.512,POINT (-71.15158338614849 42.26078112454582),ok
25025130406,Census Tract 1304.06,West Roxbury,5107,12611.86,2192,2.33,5,12.35,1021.4,53265,-71.15174501,322536.3196,42.26553243,4681500.441,POINT (-71.15174501428037 42.26553242849074),ok
25025130406,Census Tract 1304.06,West Roxbury,5107,12611.86,2192,2.33,5,12.35,1021.4,53265,-71.14965621,322688.7196,42.25844011,4680708.548,POINT (-71.14965620796124 42.25844010768344),ok
25025130406,Census Tract 1304.06,West Roxbury,5107,12611.86,2192,2.33,5,12.35,1021.4,53265,-71.14981768,322688.7196,42.26319142,4681236.477,POINT (-71.14981767815573 42.2631914195878),ok
25025130406,Census Tract 1304.06,West Roxbury,5107,12611.86,2192,2.33,5,12.35,1021.4,53265,-71.14789049,322841.1196,42.26085037,4680972.512,POINT (-71.14789048697486 42.26085037413521),problem
25025130406,Census Tract 1304.06,West Roxbury,5107,12611.86,2192,2.33,5,12.35,1021.4,53265,-71.14580229,322993.5196,42.25375796,4680180.619,POINT (-71.14580228629031 42.25375796433504),ok
25025130406,Census Tract 1304.06,West Roxbury,5107,12611.86,2192,2.33,5,12.35,1021.4,53265,-71.14596344,322993.5196,42.25850929,4680708.548,POINT (-71.14596344071553 42.25850929214086),problem
25025130406,Census Tract 1304.06,West Roxbury,5107,12611.86,2192,2.33,5,12.35,1021.4,53265,-71.14403654,323145.9196,42.25616817,4680444.583,POINT (-71.14403653935553 42.25616817361259),problem
25025140102,Census Tract 1401.02,Hyde Park,4401,5479.9,1654,2.66,6,7.47,733.5,98750,-71.14371459,323145.9196,42.2466655,4679388.725,POINT (-71.14371458502765 42.246665497668),problem
25025140102,Census Tract 1401.02,Hyde Park,4401,5479.9,1654,2.66,6,7.47,733.5,98750,-71.14387554,323145.9196,42.25141684,4679916.654,POINT (-71.14387554276215 42.25141683786478),ok
25025140102,Census Tract 1401.02,Hyde Park,4401,5479.9,1654,2.66,6,7.47,733.5,98750,-71.14194894,323298.3196,42.24907567,4679652.69,POINT (-71.14194894407588 42.24907567487433),problem
25025140102,Census Tract 1401.02,Hyde Park,4401,5479.9,1654,2.66,6,7.47,733.5,98750,-71.14210978,323298.3196,42.25382702,4680180.619,POINT (-71.14210978287257 42.25382701855834),ok
25025140102,Census Tract 1401.02,Hyde Park,4401,5479.9,1654,2.66,6,7.47,733.5,98750,-71.13970124,323450.7196,42.23723176,4678332.867,POINT (-71.13970124447194 42.23723175880179),problem
25025140102,Census Tract 1401.02,Hyde Park,4401,5479.9,1654,2.66,6,7.47,733.5,98750,-71.14002249,323450.7196,42.24673448,4679388.725,POINT (-71.14002249020928 42.24673447537155),problem
25025140102,Census Tract 1401.02,Hyde Park,4401,5479.9,1654,2.66,6,7.47,733.5,98750,-71.14018317,323450.7196,42.25148583,4679916.654,POINT (-71.14018317124444 42.25148582698594),ok
25025140102,Census Tract 1401.02,Hyde Park,4401,5479.9,1654,2.66,6,7.47,733.5,98750,-71.14034389,323450.7196,42.25623717,4680444.583,POINT (-71.14034389107184 42.25623717415304),ok
25025140102,Census Tract 1401.02,Hyde Park,4401,5479.9,1654,2.66,6,7.47,733.5,98750,-71.13809618,323603.1196,42.24439324,4679124.76,POINT (-71.13809618114014 42.24439323936433),ok
25025140102,Census Tract 1401.02,Hyde Park,4401,5479.9,1654,2.66,6,7.47,733.5,98750,-71.13600969,323755.5196,42.23730059,4678332.867,POINT (-71.13600968993237 42.23730059495765),problem
25025140102,Census Tract 1401.02,Hyde Park,4401,5479.9,1654,2.66,6,7.47,733.5,98750,-71.13456445,323907.9196,42.2492134,4679652.69,POINT (-71.1345644519042 42.24921340416503),ok
25025140107,Census Tract 1401.07,Hyde Park,2531,10448.96,1051,2.41,,,2531,82750,-71.13311876,324060.3196,42.26112618,4680972.512,POINT (-71.13311876067779 42.26112618434721),problem
25025140107,Census Tract 1401.07,Hyde Park,2531,10448.96,1051,2.41,,,2531,82750,-71.13119224,324212.7196,42.25878484,4680708.548,POINT (-71.13119224225957 42.25878484191725),problem
25025140107,Census Tract 1401.07,Hyde Park,2531,10448.96,1051,2.41,,,2531,82750,-71.12926587,324365.1196,42.25644346,4680444.583,POINT (-71.12926586870347 42.25644346299319),ok
25025140107,Census Tract 1401.07,Hyde Park,2531,10448.96,1051,2.41,,,2531,82750,-71.12749941,324517.5196,42.25885343,4680708.548,POINT (-71.12749941038848 42.25885343234219),ok
25025140107,Census Tract 1401.07,Hyde Park,2531,10448.96,1051,2.41,,,2531,82750,-71.12765922,324517.5196,42.26360481,4681236.477,POINT (-71.12765921936483 42.26360481265976),ok
25025140107,Census Tract 1401.07,Hyde Park,2531,10448.96,1051,2.41,,,2531,82750,-71.12573282,324669.9196,42.26126338,4680972.512,POINT (-71.12573282007907 42.26126337654949),ok
25025140202,Census Tract 1402.02,Hyde Park,5600,9426.1,2081,2.69,3,5.05,1866.67,77250,-71.12156182,324974.7196,42.24707758,4679388.725,POINT (-71.12156182265535 42.24707758251362),ok
25025140202,Census Tract 1402.02,Hyde Park,5600,9426.1,2081,2.69,3,5.05,1866.67,77250,-71.11979531,325127.1196,42.24948744,4679652.69,POINT (-71.11979531299168 42.24948743751646),ok
25025140202,Census Tract 1402.02,Hyde Park,5600,9426.1,2081,2.69,3,5.05,1866.67,77250,-71.11786965,325279.5196,42.24714585,4679388.725,POINT (-71.11786965060772 42.24714584765875),ok
25025140202,Census Tract 1402.02,Hyde Park,5600,9426.1,2081,2.69,3,5.05,1866.67,77250,-71.11594413,325431.9196,42.24480422,4679124.76,POINT (-71.11594413296538 42.24480422135626),ok
25025140202,Census Tract 1402.02,Hyde Park,5600,9426.1,2081,2.69,3,5.05,1866.67,77250,-71.116103,325431.9196,42.24955565,4679652.69,POINT (-71.11610299619133 42.24955564892462),ok
25025140202,Census Tract 1402.02,Hyde Park,5600,9426.1,2081,2.69,3,5.05,1866.67,77250,-71.11417747,325584.3196,42.24721399,4679388.725,POINT (-71.11417746576632 42.2472139940401),ok
25025140202,Census Tract 1402.02,Hyde Park,5600,9426.1,2081,2.69,3,5.05,1866.67,77250,-71.11433621,325584.3196,42.25196543,4679916.654,POINT (-71.11433620980482 42.251965425028),ok
25025140202,Census Tract 1402.02,Hyde Park,5600,9426.1,2081,2.69,3,5.05,1866.67,77250,-71.11449499,325584.3196,42.25671685,4680444.583,POINT (-71.11449499216869 42.25671685158039),ok
25025140202,Census Tract 1402.02,Hyde Park,5600,9426.1,2081,2.69,3,5.05,1866.67,77250,-71.11241067,325736.7196,42.24962374,4679652.69,POINT (-71.11241066660651 42.2496237415586),ok
25025140202,Census Tract 1402.02,Hyde Park,5600,9426.1,2081,2.69,3,5.05,1866.67,77250,-71.11256929,325736.7196,42.25437518,4680180.619,POINT (-71.11256929142598 42.25437517596191),ok
25025140202,Census Tract 1402.02,Hyde Park,5600,9426.1,2081,2.69,3,5.05,1866.67,77250,-71.11064374,325889.1196,42.25203346,4679916.654,POINT (-71.11064373546367 42.25203346390491),ok
25025140400,Census Tract 1404,Hyde Park,7650,10549.49,2906,2.63,9,12.41,850,62743,-71.12059159,325127.1196,42.27324445,4682292.335,POINT (-71.12059158908549 42.2732444523397),ok
25025140400,Census Tract 1404,Hyde Park,7650,10549.49,2906,2.63,9,12.41,850,62743,-71.11866514,325279.5196,42.2709029,4682028.37,POINT (-71.11866513845222 42.27090290182356),ok
25025140400,Census Tract 1404,Hyde Park,7650,10549.49,2906,2.63,9,12.41,850,62743,-71.11673883,325431.9196,42.26856131,4681764.406,POINT (-71.11673883273637 42.26856131483365),ok
25025140400,Census Tract 1404,Hyde Park,7650,10549.49,2906,2.63,9,12.41,850,62743,-71.11497157,325584.3196,42.2709711,4682028.37,POINT (-71.11497156932046 42.2709711046225),problem
25025140400,Census Tract 1404,Hyde Park,7650,10549.49,2906,2.63,9,12.41,850,62743,-71.1130454,325736.7196,42.26862945,4681764.406,POINT (-71.11304539571209 42.26862945256243),ok
25025140400,Census Tract 1404,Hyde Park,7650,10549.49,2906,2.63,9,12.41,850,62743,-71.11127799,325889.1196,42.27103919,4682028.37,POINT (-71.11127798739919 42.27103918855828),ok
25025140400,Census Tract 1404,Hyde Park,7650,10549.49,2906,2.63,9,12.41,850,62743,-71.10935195,326041.5196,42.26869747,4681764.406,POINT (-71.10935194591121 42.26869747143729),ok
25025140400,Census Tract 1404,Hyde Park,7650,10549.49,2906,2.63,9,12.41,850,62743,-71.10951045,326041.5196,42.2734489,4682292.335,POINT (-71.10951044695476 42.27344889935851),ok
25025140400,Census Tract 1404,Hyde Park,7650,10549.49,2906,2.63,9,12.41,850,62743,-71.10742605,326193.9196,42.26635572,4681500.441,POINT (-71.1074260492998 42.2663557178703),ok
25025140400,Census Tract 1404,Hyde Park,7650,10549.49,2906,2.63,9,12.41,850,62743,-71.10758439,326193.9196,42.27110715,4682028.37,POINT (-71.10758439271066 42.27110715362975),ok
25025140400,Census Tract 1404,Hyde Park,7650,10549.49,2906,2.63,9,12.41,850,62743,-71.10565848,326346.3196,42.26876537,4681764.406,POINT (-71.10565848335602 42.26876537145709),ok
25025140400,Census Tract 1404,Hyde Park,7650,10549.49,2906,2.63,9,12.41,850,62743,-71.10373272,326498.7196,42.26642355,4681500.441,POINT (-71.10373271886859 42.26642355284839),ok
25025130406,Census Tract 1304.06,West Roxbury,5107,12611.86,2192,2.33,4,9.88,1276.75,53265,-71.15334896,322383.9196,42.2583708,4680708.548,POINT (-71.15334896221515 42.25837080442305),problem
25025140105,Census Tract 1401.05,Hyde Park,3675,9415.49,1324,2.78,5,12.81,735,93810,-71.12235869,324974.7196,42.27083458,4682028.37,POINT (-71.12235869477219 42.27083458016263),ok
25025140105,Census Tract 1401.05,Hyde Park,3675,9415.49,1324,2.78,5,12.81,735,93810,-71.1239661,324822.3196,42.2636733,4681236.477,POINT (-71.12396609775297 42.26367329560819),ok
25025140105,Census Tract 1401.05,Hyde Park,3675,9415.49,1324,2.78,5,12.81,735,93810,-71.12605224,324669.9196,42.27076614,4682028.37,POINT (-71.12605223825813 42.27076613964085),ok
25025140105,Census Tract 1401.05,Hyde Park,3675,9415.49,1324,2.78,5,12.81,735,93810,-71.12797895,324517.5196,42.27310756,4682292.335,POINT (-71.12797895308623 42.27310755996901),ok
25025140105,Census Tract 1401.05,Hyde Park,3675,9415.49,1324,2.78,5,12.81,735,93810,-71.12974577,324365.1196,42.27069758,4682028.37,POINT (-71.12974576888779 42.27069758025939),ok
25025130100,Census Tract 1301,West Roxbury,5906,3520.97,2816,2.1,3,1.79,1968.67,112468,-71.16331208,321621.9196,42.27957771,4683084.229,POINT (-71.16331207609359 42.27957771392399),ok
25025100300,Census Tract 1003,Dorchester,3303,17391.94,1262,2.62,4,21.06,825.75,51645,-71.08027286,328479.9196,42.28349188,4683348.193,POINT (-71.08027285746334 42.28349188213438),ok
25025100300,Census Tract 1003,Dorchester,3303,17391.94,1262,2.62,4,21.06,825.75,51645,-71.07657846,328784.7196,42.28355886,4683348.193,POINT (-71.076578462287 42.28355886452146),ok
25025092000,Census Tract 920,Dorchester,4945,26151.77,1693,2.92,4,21.15,1236.25,57214,-71.06419117,329851.5196,42.30042279,4685195.945,POINT (-71.06419117006755 42.30042278515635),ok
25025101102,Census Tract 1011.02,Mattapan,4396,20286.34,1672,2.63,4,18.46,1099,46080,-71.08943026,327717.9196,42.28094817,4683084.229,POINT (-71.08943025897922 42.28094816611309),ok
25025100200,Census Tract 1002,Dorchester,2787,20588.88,1013,2.75,,,2787,53269,-71.08766161,327870.3196,42.28335756,4683348.193,POINT (-71.087661610033 42.28335756059178),ok
25025080401,Census Tract 804.01,Roxbury,2710,15935.02,1249,2.17,3,17.64,903.33,18602,-71.07814137,328784.7196,42.33107382,4688627.484,POINT (-71.0781413668627 42.33107381664791),ok
